--***   SAMPLE DATA INSERTION   ***
-- Patients 
INSERT INTO Patients (PatientID, FirstName, LastName, DOB, Gender, ContactNumber, Email, Address, EmergencyContact, InsuranceDetails)
VALUES (12345, 'Bob', 'McKenzie', DATE '1972-05-16', 'M', 4164976245, 'bobmckenzie@myseneca.ca', '1750 Finch Ave E', 4168488567, 'Morecare Insurance');

INSERT INTO Patients (PatientID, FirstName, LastName, DOB, Gender, ContactNumber, Email, Address, EmergencyContact, InsuranceDetails)
VALUES (12346, 'Caiden', 'Hill', DATE '1953-11-22', 'M', 6476422925, 'caidenhill@myseneca.ca', '2675 Riverside Drive', 6472572131, 'OHIP');

INSERT INTO Patients (PatientID, FirstName, LastName, DOB, Gender, ContactNumber, Email, Address, EmergencyContact, InsuranceDetails)
VALUES (12347, 'Dove', 'Younge', DATE '1956-04-30', 'F', 4166202593, 'doveyounge@hotmail.com', '1778 Spring Avenue', 4165671569, 'Travel Insurance');

INSERT INTO Patients (PatientID, FirstName, LastName, DOB, Gender, ContactNumber, Email, Address, EmergencyContact, InsuranceDetails)
VALUES (12348, 'Farrell', 'Lowell', DATE '1957-02-07', 'M', 4163027280, 'farrelllowell@gmail.com', '3433 Harrison Street', 6475671569, 'Morecare Insurance');

INSERT INTO Patients (PatientID, FirstName, LastName, DOB, Gender, ContactNumber, Email, Address, EmergencyContact, InsuranceDetails)
VALUES (12349, 'Kay', 'Oliver', DATE '1961-08-20', 'F', 6471768999, 'kayoliver@hotmail.com', '422 Coplin Avenue', 6471186534, 'Morecare Insurance');

INSERT INTO Patients (PatientID, FirstName, LastName, DOB, Gender, ContactNumber, Email, Address, EmergencyContact, InsuranceDetails)
VALUES (12350, 'Doretta', 'Holland', DATE '1970-03-22', 'F', 4163956442, 'dorettaholland@myseneca.ca', '85 New York Avenue', 4167126766, 'OHIP');

INSERT INTO Patients (PatientID, FirstName, LastName, DOB, Gender, ContactNumber, Email, Address, EmergencyContact, InsuranceDetails)
VALUES (12351, 'Rex', 'Rennold', DATE '1971-12-28', 'M', 6472156105, 'rexrennold@gmail.com', '1717 Pringle Drive', 6474692389, 'Morecare Insurance');

INSERT INTO Patients (PatientID, FirstName, LastName, DOB, Gender, ContactNumber, Email, Address, EmergencyContact, InsuranceDetails)
VALUES (12352, 'Ruthie', 'Wiley', DATE '1975-01-09', 'F', 6479698587, 'ruthiewiley@hotmail.com', '3236 Sundown Lane', 6477755371, 'Travel Insurance');

INSERT INTO Patients (PatientID, FirstName, LastName, DOB, Gender, ContactNumber, Email, Address, EmergencyContact, InsuranceDetails)
VALUES (12353, 'Love', 'Tindall', DATE '1975-03-20', 'F', 6472893935, 'lovetindall@gmail.com', '459 Elsie Drive', 4165149093, 'Morecare Insurance');

INSERT INTO Patients (PatientID, FirstName, LastName, DOB, Gender, ContactNumber, Email, Address, EmergencyContact, InsuranceDetails)
VALUES (12354, 'Howie', 'Young', DATE '1976-12-24', 'M', 4168371993, 'howieyoung@myseneca.ca', '2261 Railroad Street', 6473259980, 'OHIP');

INSERT INTO Patients (PatientID, FirstName, LastName, DOB, Gender, ContactNumber, Email, Address, EmergencyContact, InsuranceDetails)
VALUES (12355, 'Kieron', 'Dennell', DATE '1978-03-23', 'M', 6475360645, 'kierondennell@myseneca.ca', '3338 Virgil Street', 6474172381, 'Morecare Insurance');

INSERT INTO Patients (PatientID, FirstName, LastName, DOB, Gender, ContactNumber, Email, Address, EmergencyContact, InsuranceDetails)
VALUES (12356, 'Marilynn', 'Romilly', DATE '1978-10-07', 'F', 4166917383, 'marilynnromilly@hotmail.com', '4761 Rockwell Lane', 4166881071, 'Morecare Insurance');

INSERT INTO Patients (PatientID, FirstName, LastName, DOB, Gender, ContactNumber, Email, Address, EmergencyContact, InsuranceDetails)
VALUES (12357, 'Octavia', 'Neville', DATE '1979-03-09', 'F', 6478612794, 'octavianeville@gmail.com', '2392 Caynor Circle', 4167483005, 'Travel Insurance');

INSERT INTO Patients (PatientID, FirstName, LastName, DOB, Gender, ContactNumber, Email, Address, EmergencyContact, InsuranceDetails)
VALUES (12358, 'Damon', 'Lynwood', DATE '1980-01-28', 'M', 6478303321, 'damonlynwood@hotmail.com', '264 Pritchard Court', 6474907640, 'OHIP');

INSERT INTO Patients (PatientID, FirstName, LastName, DOB, Gender, ContactNumber, Email, Address, EmergencyContact, InsuranceDetails)
VALUES (12359, 'Fulk', 'Miller', DATE '1981-04-03', 'M', 4167314102, 'fulkmiller@gmail.com', '3050 Oak Avenue', 4161432076, 'Morecare Insurance');

INSERT INTO Patients (PatientID, FirstName, LastName, DOB, Gender, ContactNumber, Email, Address, EmergencyContact, InsuranceDetails)
VALUES (12360, 'Wyatt', 'Wyatt', DATE '1981-09-11', 'M', 6474795144, 'wyattwyatt@myseneca.ca', '2886 Gambler Lane', 6475659112, 'Travel Insurance');

INSERT INTO Patients (PatientID, FirstName, LastName, DOB, Gender, ContactNumber, Email, Address, EmergencyContact, InsuranceDetails)
VALUES (12361, 'Axel', 'Browne', DATE '1989-11-06', 'M', 4166479394, 'axelbrowne@gmail.com', '2018 Davis Street', 6477568710, 'Morecare Insurance');

INSERT INTO Patients (PatientID, FirstName, LastName, DOB, Gender, ContactNumber, Email, Address, EmergencyContact, InsuranceDetails)
VALUES (12362, 'Stephen', 'Harrell', DATE '1992-08-15', 'M', 4161520899, 'stephenharrell@myseneca.ca', '4145 Edwards Street', 4167327079, 'OHIP');

INSERT INTO Patients (PatientID, FirstName, LastName, DOB, Gender, ContactNumber, Email, Address, EmergencyContact, InsuranceDetails)
VALUES (12363, 'Dione', 'Bradford', DATE '1995-06-17', 'F', 6479430662, 'dionebradford@hotmail.com', '2084 Norma Lane', 6478174051, 'Morecare Insurance');

INSERT INTO Patients (PatientID, FirstName, LastName, DOB, Gender, ContactNumber, Email, Address, EmergencyContact, InsuranceDetails)
VALUES (12364, 'Jena', 'Kingston', DATE '1995-10-14', 'F', 4163208780, 'jenakingston@gmail.com', '3637 Broadway Avenue', 4168784592, 'Travel Insurance');

INSERT INTO Patients (PatientID, FirstName, LastName, DOB, Gender, ContactNumber, Email, Address, EmergencyContact, InsuranceDetails)
VALUES (12365, 'Salem', 'Holmwood', DATE '1999-03-08', 'F', 4169916075, 'salemholmwood@myseneca.ca', '2664 Buena Vista Avenue', 4165102083, 'OHIP');

INSERT INTO Patients (PatientID, FirstName, LastName, DOB, Gender, ContactNumber, Email, Address, EmergencyContact, InsuranceDetails)
VALUES (12366, 'Monday', 'Paget', DATE '2000-04-18', 'F', 4166678510, 'mondaypaget@hotmail.com', '472 Hartland Avenue', 6476058383, 'Morecare Insurance');

INSERT INTO Patients (PatientID, FirstName, LastName, DOB, Gender, ContactNumber, Email, Address, EmergencyContact, InsuranceDetails)
VALUES (12367, 'Emerie', 'Hutchinson', DATE '2000-11-27', 'F', 6472917760, 'emeriehutchinson@myseneca.ca', '250 Olen Thomas Drive', 6478638349, 'Morecare Insurance');

INSERT INTO Patients (PatientID, FirstName, LastName, DOB, Gender, ContactNumber, Email, Address, EmergencyContact, InsuranceDetails)
VALUES (12368, 'Dmitry', 'Lott', DATE '2001-02-20', 'M', 4164903907, 'dmitrylott@gmail.com', '643 Plainfield Avenue', 4161415264, 'OHIP');

INSERT INTO Patients (PatientID, FirstName, LastName, DOB, Gender, ContactNumber, Email, Address, EmergencyContact, InsuranceDetails)
VALUES (12369, 'Raelyn', 'Langdon', DATE '2001-11-08', 'F', 6472031185, 'raelynlangdon@myseneca.ca', '4918 Libby Street', 6473931688, 'Morecare Insurance');

-- Doctors 
INSERT INTO Doctors (DoctorID, FirstName, LastName, Specialty, ContactNumber, Email, OfficeNumber)
VALUES (23456, 'Alice', 'Smith', 'Cardiology', 4161934848, 'alice@clinic.com', '101');

INSERT INTO Doctors (DoctorID, FirstName, LastName, Specialty, ContactNumber, Email, OfficeNumber)
VALUES (23457, 'Constant', 'Foster', 'Immunology', 6472572131, 'cfoster@clinic.com', '102');

INSERT INTO Doctors (DoctorID, FirstName, LastName, Specialty, ContactNumber, Email, OfficeNumber)
VALUES (23458, 'Tawnya', 'Love', 'Chronic pain', 4165671569, 'tlove@clinic.com', '103');

INSERT INTO Doctors (DoctorID, FirstName, LastName, Specialty, ContactNumber, Email, OfficeNumber)
VALUES (23459, 'Donny', 'Giles', 'Dermatology', 6475671569, 'dgiles@clinic.com', '104');

INSERT INTO Doctors (DoctorID, FirstName, LastName, Specialty, ContactNumber, Email, OfficeNumber)
VALUES (23460, 'Laz', 'Doctor', 'Endocrinology', 6471186534, 'ldoctor@clinic.com', '105');

INSERT INTO Doctors (DoctorID, FirstName, LastName, Specialty, ContactNumber, Email, OfficeNumber)
VALUES (23461, 'Carlyle', 'Stevenson', 'Gastroenterology', 4167126766, 'cstevenson@clinic.com', '106');

INSERT INTO Doctors (DoctorID, FirstName, LastName, Specialty, ContactNumber, Email, OfficeNumber)
VALUES (23462, 'Maris', 'Stoddard', 'Geriatric medicine', 6474692389, 'mstoddard@clinic.com', '107');

INSERT INTO Doctors (DoctorID, FirstName, LastName, Specialty, ContactNumber, Email, OfficeNumber)
VALUES (23463, 'Aria', 'Nowell', 'Oncology', 6477755371, 'anowell@clinic.com', '108');

INSERT INTO Doctors (DoctorID, FirstName, LastName, Specialty, ContactNumber, Email, OfficeNumber)
VALUES (23464, 'Adolph', 'Henderson', 'Cardiology', 4165149093, 'ahenderson@clinic.com', '201');

INSERT INTO Doctors (DoctorID, FirstName, LastName, Specialty, ContactNumber, Email, OfficeNumber)
VALUES (23465, 'Rod', 'Macey', 'Dermatology', 6473259980, 'rmacey@clinic.com', '202');

INSERT INTO Doctors (DoctorID, FirstName, LastName, Specialty, ContactNumber, Email, OfficeNumber)
VALUES (23466, 'Bettie', 'Skeates', 'Gastroenterology', 6474172381, 'bskeates@clinic.com', '203');

INSERT INTO Doctors (DoctorID, FirstName, LastName, Specialty, ContactNumber, Email, OfficeNumber)
VALUES (23467, 'Lilyrose', 'Chance', 'Cardiology', 4166881071, 'lchance@clinic.com', '204');

INSERT INTO Doctors (DoctorID, FirstName, LastName, Specialty, ContactNumber, Email, OfficeNumber)
VALUES (23468, 'Vaughn', 'Hathaway', 'Immunology', 4167483005, 'vhathaway@clinic.com', '205');

INSERT INTO Doctors (DoctorID, FirstName, LastName, Specialty, ContactNumber, Email, OfficeNumber)
VALUES (23469, 'Ophelia', 'Cory', 'Endocrinology', 6474907640, 'ocory@clinic.com', '206');

INSERT INTO Doctors (DoctorID, FirstName, LastName, Specialty, ContactNumber, Email, OfficeNumber)
VALUES (23470, 'Kirsten', 'Bagley', 'Chronic pain', 4161432076, 'kbagley@clinic.com', '207');

INSERT INTO Doctors (DoctorID, FirstName, LastName, Specialty, ContactNumber, Email, OfficeNumber)
VALUES (23471, 'Braidy', 'Sherburn', 'Neurology', 6475659112, 'bsherburn@clinic.com', '208');

INSERT INTO Doctors (DoctorID, FirstName, LastName, Specialty, ContactNumber, Email, OfficeNumber)
VALUES (23472, 'Elsie', 'Shepherd', 'Gynecology', 6477568710, 'eshepherd@clinic.com', '209');

INSERT INTO Doctors (DoctorID, FirstName, LastName, Specialty, ContactNumber, Email, OfficeNumber)
VALUES (23473, 'Brylee', 'Womack', 'Gastroenterology', 4167327079, 'bwomack@clinic.com', '301');

INSERT INTO Doctors (DoctorID, FirstName, LastName, Specialty, ContactNumber, Email, OfficeNumber)
VALUES (23474, 'Clarette', 'Andrewson', 'Cardiology', 6478174051, 'candrewson@clinic.com', '302');

INSERT INTO Doctors (DoctorID, FirstName, LastName, Specialty, ContactNumber, Email, OfficeNumber)
VALUES (23475, 'Elvin', 'Colter', 'Dermatology', 4168784592, 'ecolter@clinic.com', '303');

INSERT INTO Doctors (DoctorID, FirstName, LastName, Specialty, ContactNumber, Email, OfficeNumber)
VALUES (23476, 'Marleen', 'Kirby', 'Ophthalmology', 4165102083, 'mkirby@clinic.com', '304');

INSERT INTO Doctors (DoctorID, FirstName, LastName, Specialty, ContactNumber, Email, OfficeNumber)
VALUES (23477, 'Jonny', 'Marsden', 'Otolaryngology', 6476058383, 'jmardsen@clinic.com', '305');

INSERT INTO Doctors (DoctorID, FirstName, LastName, Specialty, ContactNumber, Email, OfficeNumber)
VALUES (23478, 'Wilda', 'Stacks', 'Pediatrics', 6478638349, 'wstacks@clinic.com', '306');

INSERT INTO Doctors (DoctorID, FirstName, LastName, Specialty, ContactNumber, Email, OfficeNumber)
VALUES (23479, 'Kam', 'Lacy', 'Urology', 4166351113, 'klacy@clinic.com', '307');

INSERT INTO Doctors (DoctorID, FirstName, LastName, Specialty, ContactNumber, Email, OfficeNumber)
VALUES (23480, 'Burgundy', 'Evans', 'Rheumatology', 6473931688, 'bevans@clinic.com', '308');

-- Appointments 
INSERT INTO Appointments (AppointmentID, PatientID, DoctorID, AppointmentDate, AppointmentTime, ReasonForVisit, Status)
VALUES (34567, 12345, 23456, DATE '2024-08-14', TIMESTAMP '2024-08-14 10:00:00', 'Check-up', 'Scheduled');

INSERT INTO Appointments (AppointmentID, PatientID, DoctorID, AppointmentDate, AppointmentTime, ReasonForVisit, Status)
VALUES (34568, 12346, 23457, DATE '2024-08-19', TIMESTAMP '2024-08-19 09:00:00', 'General Check', 'Completed');

INSERT INTO Appointments (AppointmentID, PatientID, DoctorID, AppointmentDate, AppointmentTime, ReasonForVisit, Status)
VALUES (34569, 12347, 23458, DATE '2024-08-20', TIMESTAMP '2024-08-20 10:00:00', 'Follow-up', 'Scheduled');

INSERT INTO Appointments (AppointmentID, PatientID, DoctorID, AppointmentDate, AppointmentTime, ReasonForVisit, Status)
VALUES (34570, 12348, 23459, DATE '2024-08-20', TIMESTAMP '2024-08-20 11:00:00', 'Follow-up', 'Scheduled');

INSERT INTO Appointments (AppointmentID, PatientID, DoctorID, AppointmentDate, AppointmentTime, ReasonForVisit, Status)
VALUES (34571, 12349, 23460, DATE '2024-08-23', TIMESTAMP '2024-08-23 16:00:00', 'Check-up', 'Completed');

INSERT INTO Appointments (AppointmentID, PatientID, DoctorID, AppointmentDate, AppointmentTime, ReasonForVisit, Status)
VALUES (34572, 12350, 23461, DATE '2024-08-28', TIMESTAMP '2024-08-28 13:00:00', 'Follow-up', 'Scheduled');

INSERT INTO Appointments (AppointmentID, PatientID, DoctorID, AppointmentDate, AppointmentTime, ReasonForVisit, Status)
VALUES (34573, 12351, 23462, DATE '2024-08-23', TIMESTAMP '2024-08-23 00:00:00', 'General Check', 'Completed');

INSERT INTO Appointments (AppointmentID, PatientID, DoctorID, AppointmentDate, AppointmentTime, ReasonForVisit, Status)
VALUES (34574, 12352, 23463, DATE '2024-09-11', TIMESTAMP '2024-09-11 11:30:00', 'Check-up', 'Completed');

INSERT INTO Appointments (AppointmentID, PatientID, DoctorID, AppointmentDate, AppointmentTime, ReasonForVisit, Status)
VALUES (34575, 12353, 23464, DATE '2024-09-23', TIMESTAMP '2024-09-23 11:00:00', 'Follow-up', 'Completed');

INSERT INTO Appointments (AppointmentID, PatientID, DoctorID, AppointmentDate, AppointmentTime, ReasonForVisit, Status)
VALUES (34576, 12350, 23465, DATE '2024-09-20', TIMESTAMP '2024-09-20 12:00:00', 'General Check', 'Completed');

INSERT INTO Appointments (AppointmentID, PatientID, DoctorID, AppointmentDate, AppointmentTime, ReasonForVisit, Status)
VALUES (34577, 12355, 23466, DATE '2024-09-23', TIMESTAMP '2024-09-23 11:30:00', 'General Check', 'Scheduled');

INSERT INTO Appointments (AppointmentID, PatientID, DoctorID, AppointmentDate, AppointmentTime, ReasonForVisit, Status)
VALUES (34578, 12356, 23467, DATE '2024-10-04', TIMESTAMP '2024-10-04 13:00:00', 'Check-up', 'Completed');

INSERT INTO Appointments (AppointmentID, PatientID, DoctorID, AppointmentDate, AppointmentTime, ReasonForVisit, Status)
VALUES (34579, 12357, 23468, DATE '2024-10-04', TIMESTAMP '2024-10-04 09:00:00', 'General Check', 'Scheduled');

INSERT INTO Appointments (AppointmentID, PatientID, DoctorID, AppointmentDate, AppointmentTime, ReasonForVisit, Status)
VALUES (34580, 12358, 23469, DATE '2024-10-21', TIMESTAMP '2024-10-21 09:30:00', 'Follow-up', 'Scheduled');

INSERT INTO Appointments (AppointmentID, PatientID, DoctorID, AppointmentDate, AppointmentTime, ReasonForVisit, Status)
VALUES (34581, 12359, 23470, DATE '2024-10-24', TIMESTAMP '2024-10-24 16:30:00', 'Check-up', 'Completed');

INSERT INTO Appointments (AppointmentID, PatientID, DoctorID, AppointmentDate, AppointmentTime, ReasonForVisit, Status)
VALUES (34582, 12360, 23471, DATE '2024-11-04', TIMESTAMP '2024-11-04 09:30:00', 'General Check', 'Cancelled');

INSERT INTO Appointments (AppointmentID, PatientID, DoctorID, AppointmentDate, AppointmentTime, ReasonForVisit, Status)
VALUES (34583, 12361, 23472, DATE '2024-11-15', TIMESTAMP '2024-11-15 11:00:00', 'Check-up', 'Scheduled');

INSERT INTO Appointments (AppointmentID, PatientID, DoctorID, AppointmentDate, AppointmentTime, ReasonForVisit, Status)
VALUES (34584, 12362, 23473, DATE '2024-11-14', TIMESTAMP '2024-11-14 12:30:00', 'Follow-up', 'Cancelled');

INSERT INTO Appointments (AppointmentID, PatientID, DoctorID, AppointmentDate, AppointmentTime, ReasonForVisit, Status)
VALUES (34585, 12363, 23474, DATE '2024-11-15', TIMESTAMP '2024-11-15 11:00:00', 'General Check', 'Cancelled');

INSERT INTO Appointments (AppointmentID, PatientID, DoctorID, AppointmentDate, AppointmentTime, ReasonForVisit, Status)
VALUES (34586, 12359, 23475, DATE '2024-12-04', TIMESTAMP '2024-12-04 16:30:00', 'Check-up', 'Scheduled');

INSERT INTO Appointments (AppointmentID, PatientID, DoctorID, AppointmentDate, AppointmentTime, ReasonForVisit, Status)
VALUES (34587, 12368, 23476, DATE '2024-12-05', TIMESTAMP '2024-12-05 12:00:00', 'General Check', 'Completed');

INSERT INTO Appointments (AppointmentID, PatientID, DoctorID, AppointmentDate, AppointmentTime, ReasonForVisit, Status)
VALUES (34588, 12366, 23477, DATE '2024-12-11', TIMESTAMP '2024-12-11 10:00:00', 'General Check', 'Completed');

INSERT INTO Appointments (AppointmentID, PatientID, DoctorID, AppointmentDate, AppointmentTime, ReasonForVisit, Status)
VALUES (34589, 12367, 23478, DATE '2024-12-11', TIMESTAMP '2024-12-11 10:30:00', 'Follow-up', 'Completed');

INSERT INTO Appointments (AppointmentID, PatientID, DoctorID, AppointmentDate, AppointmentTime, ReasonForVisit, Status)
VALUES (34590, 12368, 23479, DATE '2024-12-13', TIMESTAMP '2024-12-13 11:00:00', 'Check-up', 'Scheduled');

INSERT INTO Appointments (AppointmentID, PatientID, DoctorID, AppointmentDate, AppointmentTime, ReasonForVisit, Status)
VALUES (34591, 12369, 23480, DATE '2024-12-11', TIMESTAMP '2024-12-11 12:00:00', 'General Check', 'Completed');

-- Doctors_Schedules 
INSERT INTO Doctors_Schedules (ScheduleID, DoctorID, DayOfWeek, StartTime, EndTime, Availability)
VALUES (45678, 23456, 'Monday', TO_TIMESTAMP('09:00:00', 'HH24:MI:SS'), TO_TIMESTAMP('17:00:00', 'HH24:MI:SS'), 'Y');

INSERT INTO Doctors_Schedules (ScheduleID, DoctorID, DayOfWeek, StartTime, EndTime, Availability)
VALUES (45679, 23457, 'Tuesday', TO_TIMESTAMP('09:00:00', 'HH24:MI:SS'), TO_TIMESTAMP('17:00:00', 'HH24:MI:SS'), 'Y');

INSERT INTO Doctors_Schedules (ScheduleID, DoctorID, DayOfWeek, StartTime, EndTime, Availability)
VALUES (45680, 23458, 'Wednesday', TO_TIMESTAMP('09:00:00', 'HH24:MI:SS'), TO_TIMESTAMP('17:00:00', 'HH24:MI:SS'), 'Y');

INSERT INTO Doctors_Schedules (ScheduleID, DoctorID, DayOfWeek, StartTime, EndTime, Availability)
VALUES (45681, 23459, 'Thursday', TO_TIMESTAMP('09:00:00', 'HH24:MI:SS'), TO_TIMESTAMP('17:00:00', 'HH24:MI:SS'), 'Y');

INSERT INTO Doctors_Schedules (ScheduleID, DoctorID, DayOfWeek, StartTime, EndTime, Availability)
VALUES (45682, 23460, 'Friday', TO_TIMESTAMP('10:00:00', 'HH24:MI:SS'), TO_TIMESTAMP('17:00:00', 'HH24:MI:SS'), 'Y');

INSERT INTO Doctors_Schedules (ScheduleID, DoctorID, DayOfWeek, StartTime, EndTime, Availability)
VALUES (45683, 23461, 'Tuesday', TO_TIMESTAMP('09:00:00', 'HH24:MI:SS'), TO_TIMESTAMP('18:00:00', 'HH24:MI:SS'), 'Y');

INSERT INTO Doctors_Schedules (ScheduleID, DoctorID, DayOfWeek, StartTime, EndTime, Availability)
VALUES (45684, 23462, 'Monday', TO_TIMESTAMP('09:00:00', 'HH24:MI:SS'), TO_TIMESTAMP('17:00:00', 'HH24:MI:SS'), 'Y');

INSERT INTO Doctors_Schedules (ScheduleID, DoctorID, DayOfWeek, StartTime, EndTime, Availability)
VALUES (45685, 23463, 'Thursday', TO_TIMESTAMP('09:00:00', 'HH24:MI:SS'), TO_TIMESTAMP('17:00:00', 'HH24:MI:SS'), 'Y');

INSERT INTO Doctors_Schedules (ScheduleID, DoctorID, DayOfWeek, StartTime, EndTime, Availability)
VALUES (45686, 23464, 'Tuesday', TO_TIMESTAMP('11:00:00', 'HH24:MI:SS'), TO_TIMESTAMP('17:00:00', 'HH24:MI:SS'), 'Y');

INSERT INTO Doctors_Schedules (ScheduleID, DoctorID, DayOfWeek, StartTime, EndTime, Availability)
VALUES (45687, 23465, 'Monday', TO_TIMESTAMP('09:00:00', 'HH24:MI:SS'), TO_TIMESTAMP('17:00:00', 'HH24:MI:SS'), 'Y');

INSERT INTO Doctors_Schedules (ScheduleID, DoctorID, DayOfWeek, StartTime, EndTime, Availability)
VALUES (45688, 23466, 'Friday', TO_TIMESTAMP('09:00:00', 'HH24:MI:SS'), TO_TIMESTAMP('17:00:00', 'HH24:MI:SS'), 'Y');

INSERT INTO Doctors_Schedules (ScheduleID, DoctorID, DayOfWeek, StartTime, EndTime, Availability)
VALUES (45689, 23467, 'Monday', TO_TIMESTAMP('09:00:00', 'HH24:MI:SS'), TO_TIMESTAMP('17:00:00', 'HH24:MI:SS'), 'Y');

INSERT INTO Doctors_Schedules (ScheduleID, DoctorID, DayOfWeek, StartTime, EndTime, Availability)
VALUES (45690, 23468, 'Wednesday', TO_TIMESTAMP('10:00:00', 'HH24:MI:SS'), TO_TIMESTAMP('16:00:00', 'HH24:MI:SS'), 'Y');

INSERT INTO Doctors_Schedules (ScheduleID, DoctorID, DayOfWeek, StartTime, EndTime, Availability)
VALUES (45691, 23469, 'Thursday', TO_TIMESTAMP('09:00:00', 'HH24:MI:SS'), TO_TIMESTAMP('17:00:00', 'HH24:MI:SS'), 'Y');

INSERT INTO Doctors_Schedules (ScheduleID, DoctorID, DayOfWeek, StartTime, EndTime, Availability)
VALUES (45692, 23470, 'Monday', TO_TIMESTAMP('09:00:00', 'HH24:MI:SS'), TO_TIMESTAMP('17:00:00', 'HH24:MI:SS'), 'Y');

INSERT INTO Doctors_Schedules (ScheduleID, DoctorID, DayOfWeek, StartTime, EndTime, Availability)
VALUES (45693, 23471, 'Tuesday', TO_TIMESTAMP('09:00:00', 'HH24:MI:SS'), TO_TIMESTAMP('17:00:00', 'HH24:MI:SS'), 'Y');

INSERT INTO Doctors_Schedules (ScheduleID, DoctorID, DayOfWeek, StartTime, EndTime, Availability)
VALUES (45694, 23472, 'Wednesday', TO_TIMESTAMP('11:00:00', 'HH24:MI:SS'), TO_TIMESTAMP('17:00:00', 'HH24:MI:SS'), 'Y');

INSERT INTO Doctors_Schedules (ScheduleID, DoctorID, DayOfWeek, StartTime, EndTime, Availability)
VALUES (45695, 23473, 'Friday', TO_TIMESTAMP('09:00:00', 'HH24:MI:SS'), TO_TIMESTAMP('17:00:00', 'HH24:MI:SS'), 'Y');

INSERT INTO Doctors_Schedules (ScheduleID, DoctorID, DayOfWeek, StartTime, EndTime, Availability)
VALUES (45696, 23474, 'Tuesday', TO_TIMESTAMP('09:00:00', 'HH24:MI:SS'), TO_TIMESTAMP('18:00:00', 'HH24:MI:SS'), 'Y');

INSERT INTO Doctors_Schedules (ScheduleID, DoctorID, DayOfWeek, StartTime, EndTime, Availability)
VALUES (45697, 23475, 'Wednesday', TO_TIMESTAMP('09:00:00', 'HH24:MI:SS'), TO_TIMESTAMP('17:00:00', 'HH24:MI:SS'), 'Y');

INSERT INTO Doctors_Schedules (ScheduleID, DoctorID, DayOfWeek, StartTime, EndTime, Availability)
VALUES (45698, 23476, 'Friday', TO_TIMESTAMP('10:00:00', 'HH24:MI:SS'), TO_TIMESTAMP('17:00:00', 'HH24:MI:SS'), 'Y');

INSERT INTO Doctors_Schedules (ScheduleID, DoctorID, DayOfWeek, StartTime, EndTime, Availability)
VALUES (45699, 23477, 'Thursday', TO_TIMESTAMP('09:00:00', 'HH24:MI:SS'), TO_TIMESTAMP('17:00:00', 'HH24:MI:SS'), 'Y');

INSERT INTO Doctors_Schedules (ScheduleID, DoctorID, DayOfWeek, StartTime, EndTime, Availability)
VALUES (45700, 23478, 'Monday', TO_TIMESTAMP('09:00:00', 'HH24:MI:SS'), TO_TIMESTAMP('17:00:00', 'HH24:MI:SS'), 'Y');

INSERT INTO Doctors_Schedules (ScheduleID, DoctorID, DayOfWeek, StartTime, EndTime, Availability)
VALUES (45701, 23479, 'Tuesday', TO_TIMESTAMP('10:00:00', 'HH24:MI:SS'), TO_TIMESTAMP('13:00:00', 'HH24:MI:SS'), 'Y');

INSERT INTO Doctors_Schedules (ScheduleID, DoctorID, DayOfWeek, StartTime, EndTime, Availability)
VALUES (45702, 23480, 'Monday', TO_TIMESTAMP('09:00:00', 'HH24:MI:SS'), TO_TIMESTAMP('12:00:00', 'HH24:MI:SS'), 'Y');

-- Billing 
INSERT INTO Billing (BillingID, PatientID, AppointmentID, TotalAmount, AmountPaid, PaymentStatus, BillingDate)
VALUES (56789, 12345, 34567, 200.00, 100.00, 'Unpaid', DATE '2024-08-14');

INSERT INTO Billing (BillingID, PatientID, AppointmentID, TotalAmount, AmountPaid, PaymentStatus, BillingDate)
VALUES (56790, 12346, 34568, 150.00, 150.00, 'Paid', DATE '2024-08-15');

INSERT INTO Billing (BillingID, PatientID, AppointmentID, TotalAmount, AmountPaid, PaymentStatus, BillingDate)
VALUES (56791, 12347, 34569, 200.00, 200.00, 'Paid', DATE '2024-08-17');

INSERT INTO Billing (BillingID, PatientID, AppointmentID, TotalAmount, AmountPaid, PaymentStatus, BillingDate)
VALUES (56792, 12348, 34570, 100.00, 0.00, 'Unpaid', DATE '2024-08-14');

INSERT INTO Billing (BillingID, PatientID, AppointmentID, TotalAmount, AmountPaid, PaymentStatus, BillingDate)
VALUES (56793, 12349, 34571, 150.00, 150.00, 'Paid', DATE '2024-08-15');

INSERT INTO Billing (BillingID, PatientID, AppointmentID, TotalAmount, AmountPaid, PaymentStatus, BillingDate)
VALUES (56794, 12350, 34572, 200.00, 200.00, 'Paid', DATE '2024-08-17');

INSERT INTO Billing (BillingID, PatientID, AppointmentID, TotalAmount, AmountPaid, PaymentStatus, BillingDate)
VALUES (56795, 12351, 34573, 200.00, 50.00, 'Unpaid', DATE '2024-08-18');

INSERT INTO Billing (BillingID, PatientID, AppointmentID, TotalAmount, AmountPaid, PaymentStatus, BillingDate)
VALUES (56796, 12352, 34574, 100.00, 100.00, 'Paid', DATE '2024-08-17');

INSERT INTO Billing (BillingID, PatientID, AppointmentID, TotalAmount, AmountPaid, PaymentStatus, BillingDate)
VALUES (56797, 12353, 34575, 200.00, 200.00, 'Paid', DATE '2024-08-15');

INSERT INTO Billing (BillingID, PatientID, AppointmentID, TotalAmount, AmountPaid, PaymentStatus, BillingDate)
VALUES (56798, 12350, 34576, 150.00, 0.00, 'Unpaid', DATE '2024-08-14');

INSERT INTO Billing (BillingID, PatientID, AppointmentID, TotalAmount, AmountPaid, PaymentStatus, BillingDate)
VALUES (56799, 12355, 34577, 100.00, 65.00, 'Unpaid', DATE '2024-08-15');

INSERT INTO Billing (BillingID, PatientID, AppointmentID, TotalAmount, AmountPaid, PaymentStatus, BillingDate)
VALUES (56800, 12356, 34578, 200.00, 200.00, 'Paid', DATE '2024-08-18');

INSERT INTO Billing (BillingID, PatientID, AppointmentID, TotalAmount, AmountPaid, PaymentStatus, BillingDate)
VALUES (56801, 12357, 34579, 200.00, 200.00, 'Paid', DATE '2024-08-17');

INSERT INTO Billing (BillingID, PatientID, AppointmentID, TotalAmount, AmountPaid, PaymentStatus, BillingDate)
VALUES (56802, 12358, 34580, 150.00, 90.00, 'Unpaid', DATE '2024-08-15');

INSERT INTO Billing (BillingID, PatientID, AppointmentID, TotalAmount, AmountPaid, PaymentStatus, BillingDate)
VALUES (56803, 12359, 34581, 100.00, 0.00, 'Refunded', DATE '2024-08-19');

INSERT INTO Billing (BillingID, PatientID, AppointmentID, TotalAmount, AmountPaid, PaymentStatus, BillingDate)
VALUES (56804, 12360, 34582, 200.00, 200.00, 'Paid', DATE '2024-08-18');

INSERT INTO Billing (BillingID, PatientID, AppointmentID, TotalAmount, AmountPaid, PaymentStatus, BillingDate)
VALUES (56805, 12361, 34583, 200.00, 90.00, 'Unpaid', DATE '2024-08-17');

INSERT INTO Billing (BillingID, PatientID, AppointmentID, TotalAmount, AmountPaid, PaymentStatus, BillingDate)
VALUES (56806, 12362, 34584, 150.00, 150.00, 'Paid', DATE '2024-08-15');

INSERT INTO Billing (BillingID, PatientID, AppointmentID, TotalAmount, AmountPaid, PaymentStatus, BillingDate)
VALUES (56807, 12363, 34585, 100.00, 100.00, 'Paid', DATE '2024-08-17');

INSERT INTO Billing (BillingID, PatientID, AppointmentID, TotalAmount, AmountPaid, PaymentStatus, BillingDate)
VALUES (56808, 12359, 34586, 200.00, 200.00, 'Paid', DATE '2024-08-15');

INSERT INTO Billing (BillingID, PatientID, AppointmentID, TotalAmount, AmountPaid, PaymentStatus, BillingDate)
VALUES (56809, 12368, 34587, 150.00, 90.00, 'Unpaid', DATE '2024-08-15');

INSERT INTO Billing (BillingID, PatientID, AppointmentID, TotalAmount, AmountPaid, PaymentStatus, BillingDate)
VALUES (56810, 12366, 34588, 200.00, 200.00, 'Paid', DATE '2024-08-17');

INSERT INTO Billing (BillingID, PatientID, AppointmentID, TotalAmount, AmountPaid, PaymentStatus, BillingDate)
VALUES (56811, 12367, 34589, 200.00, 0.00, 'Unpaid', DATE '2024-08-14');

INSERT INTO Billing (BillingID, PatientID, AppointmentID, TotalAmount, AmountPaid, PaymentStatus, BillingDate)
VALUES (56812, 12368, 34590, 150.00, 150.00, 'Paid', DATE '2024-08-15');

INSERT INTO Billing (BillingID, PatientID, AppointmentID, TotalAmount, AmountPaid, PaymentStatus, BillingDate)
VALUES (56813, 12369, 34591, 200.00, 65.00, 'Unpaid', DATE '2024-08-15');

-- Records 
INSERT INTO Records (RecordID, PatientID, DoctorID, VisitDate, Diagnosis, Treatment, Notes)
VALUES (67890, 12345, 23456, DATE '2024-08-05', 'Hypertension', 'Medication', 'Follow-up in 2 weeks');

INSERT INTO Records (RecordID, PatientID, DoctorID, VisitDate, Diagnosis, Treatment, Notes)
VALUES (67891, 12346, 23457, DATE '2022-02-01', 'Diabetes', 'Insulin', 'Needs medical exam');

INSERT INTO Records (RecordID, PatientID, DoctorID, VisitDate, Diagnosis, Treatment, Notes)
VALUES (67892, 12347, 23479, DATE '2022-02-02', 'Hypothyroidism', 'Improve Diet', 'Needs blood drawn');

INSERT INTO Records (RecordID, PatientID, DoctorID, VisitDate, Diagnosis, Treatment, Notes)
VALUES (67893, 12348, 23459, DATE '2022-04-07', 'Pre-Diabetic', 'Improve Diet', 'Needs x-ray');

INSERT INTO Records (RecordID, PatientID, DoctorID, VisitDate, Diagnosis, Treatment, Notes)
VALUES (67894, 12349, 23460, DATE '2022-04-12', 'Diabetes', 'Insulin', 'Follow-up in 3 weeks');

INSERT INTO Records (RecordID, PatientID, DoctorID, VisitDate, Diagnosis, Treatment, Notes)
VALUES (67895, 12350, 23461, DATE '2022-04-25', 'Rhinitis', 'Antihistamine', 'Follow-up in 3 months');

INSERT INTO Records (RecordID, PatientID, DoctorID, VisitDate, Diagnosis, Treatment, Notes)
VALUES (67896, 12351, 23456, DATE '2022-05-20', 'Hypertension', 'Medication', 'Pre-existing');

INSERT INTO Records (RecordID, PatientID, DoctorID, VisitDate, Diagnosis, Treatment, Notes)
VALUES (67897, 12352, 23463, DATE '2022-07-29', 'Rhinitis', 'Antihistamine', 'Needs medical exam');

INSERT INTO Records (RecordID, PatientID, DoctorID, VisitDate, Diagnosis, Treatment, Notes)
VALUES (67898, 12353, 23464, DATE '2022-11-23', 'Scoliosis', 'Chiropractor', 'Follow-up in 3 weeks');

INSERT INTO Records (RecordID, PatientID, DoctorID, VisitDate, Diagnosis, Treatment, Notes)
VALUES (67899, 12354, 23457, DATE '2023-01-04', 'Diabetes', 'Insulin', 'Follow-up in 3 months');

INSERT INTO Records (RecordID, PatientID, DoctorID, VisitDate, Diagnosis, Treatment, Notes)
VALUES (67900, 12355, 23477, DATE '2023-03-13', 'Scoliosis', 'Chiropractor', 'Follow-up in 2 weeks');

INSERT INTO Records (RecordID, PatientID, DoctorID, VisitDate, Diagnosis, Treatment, Notes)
VALUES (67901, 12356, 23467, DATE '2023-03-20', 'Hypothyroidism', 'Improve Diet', 'Needs medical exam');

INSERT INTO Records (RecordID, PatientID, DoctorID, VisitDate, Diagnosis, Treatment, Notes)
VALUES (67902, 12357, 23468, DATE '2023-04-13', 'Hypertension', 'Medication', 'Follow-up in 2 weeks');

INSERT INTO Records (RecordID, PatientID, DoctorID, VisitDate, Diagnosis, Treatment, Notes)
VALUES (67903, 12358, 23469, DATE '2023-05-03', 'Pre-Diabetic', 'Improve Diet', 'Follow-up in 3 weeks');

INSERT INTO Records (RecordID, PatientID, DoctorID, VisitDate, Diagnosis, Treatment, Notes)
VALUES (67904, 12359, 23470, DATE '2023-06-02', 'Rhinitis', 'Antihistamine', 'Needs blood drawn');

INSERT INTO Records (RecordID, PatientID, DoctorID, VisitDate, Diagnosis, Treatment, Notes)
VALUES (67905, 12360, 23471, DATE '2023-06-30', 'Rhinitis', 'Antihistamine', 'Needs x-ray');

INSERT INTO Records (RecordID, PatientID, DoctorID, VisitDate, Diagnosis, Treatment, Notes)
VALUES (67906, 12361, 23472, DATE '2023-08-07', 'Diabetes', 'Improve Diet', 'Follow-up in 2 weeks');

INSERT INTO Records (RecordID, PatientID, DoctorID, VisitDate, Diagnosis, Treatment, Notes)
VALUES (67907, 12362, 23473, DATE '2023-11-15', 'Rhinitis', 'Insulin', 'Follow-up in 3 months');

INSERT INTO Records (RecordID, PatientID, DoctorID, VisitDate, Diagnosis, Treatment, Notes)
VALUES (67908, 12363, 23474, DATE '2023-12-15', 'Pre-Diabetic', 'Improve Diet', 'Needs medical exam');

INSERT INTO Records (RecordID, PatientID, DoctorID, VisitDate, Diagnosis, Treatment, Notes)
VALUES (67909, 12364, 23475, DATE '2024-02-26', 'Diabetes', 'Insulin', 'Needs x-ray');

INSERT INTO Records (RecordID, PatientID, DoctorID, VisitDate, Diagnosis, Treatment, Notes)
VALUES (67910, 12365, 23476, DATE '2024-03-27', 'Hypothyroidism', 'Improve Diet', 'Follow-up in 2 weeks');

INSERT INTO Records (RecordID, PatientID, DoctorID, VisitDate, Diagnosis, Treatment, Notes)
VALUES (67911, 12366, 23477, DATE '2024-05-15', 'Scoliosis', 'Chiropractor', 'Follow-up in 2 weeks');

INSERT INTO Records (RecordID, PatientID, DoctorID, VisitDate, Diagnosis, Treatment, Notes)
VALUES (67912, 12367, 23456, DATE '2024-05-16', 'Hypertension', 'Medication', 'Needs blood drawn');

INSERT INTO Records (RecordID, PatientID, DoctorID, VisitDate, Diagnosis, Treatment, Notes)
VALUES (67913, 12368, 23479, DATE '2024-05-21', 'Hypothyroidism', 'Improve Diet', 'Follow-up in 3 weeks');

INSERT INTO Records (RecordID, PatientID, DoctorID, VisitDate, Diagnosis, Treatment, Notes)
VALUES (67914, 12369, 23457, DATE '2024-05-27', 'Diabetes', 'Insulin', 'Follow-up in 2 weeks');

-- SHOW TABLE DATA
SELECT * FROM Patients;
SELECT * FROM Doctors;
SELECT * FROM Appointments;
SELECT * FROM Doctors_Schedules;
SELECT * FROM Billing;
SELECT * FROM Records;